subject_type,subject_name,predicate,object_type,object_name,source_file,source_row,source_text
Category,Medhya Rasayana,AFFECTS_FUNCTION,PhysiologicalFunction,Dhi,Category_Medhya.xlsx,10,"Medhya Rasayana | Medha, Smriti, Dhi, Dhriti | Smritinasa, Budhibhramsha, Dhritikshaya, Mano-vibhrama"
Category,Medhya Rasayana,AFFECTS_FUNCTION,PhysiologicalFunction,Dhriti,Category_Medhya.xlsx,10,"Medhya Rasayana | Medha, Smriti, Dhi, Dhriti | Smritinasa, Budhibhramsha, Dhritikshaya, Mano-vibhrama"
Category,Medhya Rasayana,AFFECTS_FUNCTION,PhysiologicalFunction,Medha,Category_Medhya.xlsx,10,"Medhya Rasayana | Medha, Smriti, Dhi, Dhriti | Smritinasa, Budhibhramsha, Dhritikshaya, Mano-vibhrama"
Category,Medhya Rasayana,AFFECTS_FUNCTION,PhysiologicalFunction,Smriti,Category_Medhya.xlsx,10,"Medhya Rasayana | Medha, Smriti, Dhi, Dhriti | Smritinasa, Budhibhramsha, Dhritikshaya, Mano-vibhrama"
Category,Medhya Rasayana,TREATS_PATHOLOGY,Pathology,Budhibhramsha,Category_Medhya.xlsx,10,"Medhya Rasayana | Medha, Smriti, Dhi, Dhriti | Smritinasa, Budhibhramsha, Dhritikshaya, Mano-vibhrama"
Category,Medhya Rasayana,TREATS_PATHOLOGY,Pathology,Dhritikshaya,Category_Medhya.xlsx,10,"Medhya Rasayana | Medha, Smriti, Dhi, Dhriti | Smritinasa, Budhibhramsha, Dhritikshaya, Mano-vibhrama"
Category,Medhya Rasayana,TREATS_PATHOLOGY,Pathology,Mano-vibhrama,Category_Medhya.xlsx,10,"Medhya Rasayana | Medha, Smriti, Dhi, Dhriti | Smritinasa, Budhibhramsha, Dhritikshaya, Mano-vibhrama"
Category,Medhya Rasayana,TREATS_PATHOLOGY,Pathology,Smritinasa,Category_Medhya.xlsx,10,"Medhya Rasayana | Medha, Smriti, Dhi, Dhriti | Smritinasa, Budhibhramsha, Dhritikshaya, Mano-vibhrama"
Category,Rasayana,AFFECTS_FUNCTION,PhysiologicalFunction,Ayushya,Category_Medhya.xlsx,11,"Rasayana | Ojas, Bala, Ayushya, Vayasthapana | Ojokshaya, Klama, Vikriti"
Category,Rasayana,AFFECTS_FUNCTION,PhysiologicalFunction,Bala,Category_Medhya.xlsx,11,"Rasayana | Ojas, Bala, Ayushya, Vayasthapana | Ojokshaya, Klama, Vikriti"
Category,Rasayana,AFFECTS_FUNCTION,PhysiologicalFunction,Ojas,Category_Medhya.xlsx,11,"Rasayana | Ojas, Bala, Ayushya, Vayasthapana | Ojokshaya, Klama, Vikriti"
Category,Rasayana,AFFECTS_FUNCTION,PhysiologicalFunction,Vayasthapana,Category_Medhya.xlsx,11,"Rasayana | Ojas, Bala, Ayushya, Vayasthapana | Ojokshaya, Klama, Vikriti"
Category,Rasayana,TREATS_PATHOLOGY,Pathology,Klama,Category_Medhya.xlsx,11,"Rasayana | Ojas, Bala, Ayushya, Vayasthapana | Ojokshaya, Klama, Vikriti"
Category,Rasayana,TREATS_PATHOLOGY,Pathology,Ojokshaya,Category_Medhya.xlsx,11,"Rasayana | Ojas, Bala, Ayushya, Vayasthapana | Ojokshaya, Klama, Vikriti"
Category,Rasayana,TREATS_PATHOLOGY,Pathology,Vikriti,Category_Medhya.xlsx,11,"Rasayana | Ojas, Bala, Ayushya, Vayasthapana | Ojokshaya, Klama, Vikriti"
Herb,Ashwagandha,AFFECTS_FUNCTION,PhysiologicalFunction,Ayushya,relationships_medhya.txt,116,"(:Pharmacotherapeutic {pharmacotherapeutics: Ashwagandha}),[:AFFECTS_PHYSIOLOGICAL],(:PhysiologicalFunctional {physiologicalFunctional: Ayushya})"
Herb,Ashwagandha,AFFECTS_FUNCTION,PhysiologicalFunction,Bala,Category_Medhya.xlsx,6,"Ashwagandha | Bala, Pushti, Ojas, Rasayana | Klama, Ojokshaya, Dhritikshaya"
Herb,Ashwagandha,AFFECTS_FUNCTION,PhysiologicalFunction,Bala,relationships_medhya.txt,113,"(:Pharmacotherapeutic {pharmacotherapeutics: Ashwagandha}),[:AFFECTS_PHYSIOLOGICAL],(:PhysiologicalFunctional {physiologicalFunctional: Bala})"
Herb,Ashwagandha,AFFECTS_FUNCTION,PhysiologicalFunction,Balya,relationships_medhya.txt,115,"(:Pharmacotherapeutic {pharmacotherapeutics: Ashwagandha}),[:AFFECTS_PHYSIOLOGICAL],(:PhysiologicalFunctional {physiologicalFunctional: Balya})"
Herb,Ashwagandha,AFFECTS_FUNCTION,PhysiologicalFunction,Ojas,Category_Medhya.xlsx,6,"Ashwagandha | Bala, Pushti, Ojas, Rasayana | Klama, Ojokshaya, Dhritikshaya"
Herb,Ashwagandha,AFFECTS_FUNCTION,PhysiologicalFunction,Ojas,relationships_medhya.txt,112,"(:Pharmacotherapeutic {pharmacotherapeutics: Ashwagandha}),[:AFFECTS_PHYSIOLOGICAL],(:PhysiologicalFunctional {physiologicalFunctional: Ojas})"
Herb,Ashwagandha,AFFECTS_FUNCTION,PhysiologicalFunction,Pushti,Category_Medhya.xlsx,6,"Ashwagandha | Bala, Pushti, Ojas, Rasayana | Klama, Ojokshaya, Dhritikshaya"
Herb,Ashwagandha,AFFECTS_FUNCTION,PhysiologicalFunction,Pushti,relationships_medhya.txt,114,"(:Pharmacotherapeutic {pharmacotherapeutics: Ashwagandha}),[:AFFECTS_PHYSIOLOGICAL],(:PhysiologicalFunctional {physiologicalFunctional: Pushti})"
Herb,Ashwagandha,AFFECTS_FUNCTION,PhysiologicalFunction,Pushtikara,relationships_medhya.txt,118,"(:Pharmacotherapeutic {pharmacotherapeutics: Ashwagandha}),[:AFFECTS_PHYSIOLOGICAL],(:PhysiologicalFunctional {physiologicalFunctional: Pushtikara})"
Herb,Ashwagandha,AFFECTS_FUNCTION,PhysiologicalFunction,Rasayana,Category_Medhya.xlsx,6,"Ashwagandha | Bala, Pushti, Ojas, Rasayana | Klama, Ojokshaya, Dhritikshaya"
Herb,Ashwagandha,AFFECTS_FUNCTION,PhysiologicalFunction,Rasayana,relationships_medhya.txt,119,"(:Pharmacotherapeutic {pharmacotherapeutics: Ashwagandha}),[:AFFECTS_PHYSIOLOGICAL],(:PhysiologicalFunctional {physiologicalFunctional: Rasayana})"
Herb,Ashwagandha,AFFECTS_FUNCTION,PhysiologicalFunction,Vayasthapana,relationships_medhya.txt,117,"(:Pharmacotherapeutic {pharmacotherapeutics: Ashwagandha}),[:AFFECTS_PHYSIOLOGICAL],(:PhysiologicalFunctional {physiologicalFunctional: Vayasthapana})"
Herb,Ashwagandha,TREATS_PATHOLOGY,Pathology,Dhritikshaya,Category_Medhya.xlsx,6,"Ashwagandha | Bala, Pushti, Ojas, Rasayana | Klama, Ojokshaya, Dhritikshaya"
Herb,Ashwagandha,TREATS_PATHOLOGY,Pathology,Dhritikshaya,relationships_medhya.txt,109,"(:Pharmacotherapeutic {pharmacotherapeutics: Ashwagandha}),[:TREATS_PATHOLOGICAL],(:Pathological {pathological: Dhritikshaya})"
Herb,Ashwagandha,TREATS_PATHOLOGY,Pathology,Klama,Category_Medhya.xlsx,6,"Ashwagandha | Bala, Pushti, Ojas, Rasayana | Klama, Ojokshaya, Dhritikshaya"
Herb,Ashwagandha,TREATS_PATHOLOGY,Pathology,Klama,relationships_medhya.txt,111,"(:Pharmacotherapeutic {pharmacotherapeutics: Ashwagandha}),[:TREATS_PATHOLOGICAL],(:Pathological {pathological: Klama})"
Herb,Ashwagandha,TREATS_PATHOLOGY,Pathology,Ojokshaya,Category_Medhya.xlsx,6,"Ashwagandha | Bala, Pushti, Ojas, Rasayana | Klama, Ojokshaya, Dhritikshaya"
Herb,Ashwagandha,TREATS_PATHOLOGY,Pathology,Ojokshaya,relationships_medhya.txt,110,"(:Pharmacotherapeutic {pharmacotherapeutics: Ashwagandha}),[:TREATS_PATHOLOGICAL],(:Pathological {pathological: Ojokshaya})"
Herb,Brahmi,AFFECTS_FUNCTION,PhysiologicalFunction,Buddhi,relationships_medhya.txt,25,"(:Pharmacotherapeutic {pharmacotherapeutics: Brahmi}),[:AFFECTS_PHYSIOLOGICAL],(:PhysiologicalFunctional {physiologicalFunctional: Buddhi})"
Herb,Brahmi,AFFECTS_FUNCTION,PhysiologicalFunction,Chitta,relationships_medhya.txt,28,"(:Pharmacotherapeutic {pharmacotherapeutics: Brahmi}),[:AFFECTS_PHYSIOLOGICAL],(:PhysiologicalFunctional {physiologicalFunctional: Chitta})"
Herb,Brahmi,AFFECTS_FUNCTION,PhysiologicalFunction,Dhi,Category_Medhya.xlsx,3,"Brahmi | Smriti, Medha, Dhi | Smritinasa, Smritihani, Budhibhramsha, Chittabhrama"
Herb,Brahmi,AFFECTS_FUNCTION,PhysiologicalFunction,Dhi,relationships_medhya.txt,24,"(:Pharmacotherapeutic {pharmacotherapeutics: Brahmi}),[:AFFECTS_PHYSIOLOGICAL],(:PhysiologicalFunctional {physiologicalFunctional: Dhi})"
Herb,Brahmi,AFFECTS_FUNCTION,PhysiologicalFunction,Dhriti,relationships_medhya.txt,26,"(:Pharmacotherapeutic {pharmacotherapeutics: Brahmi}),[:AFFECTS_PHYSIOLOGICAL],(:PhysiologicalFunctional {physiologicalFunctional: Dhriti})"
Herb,Brahmi,AFFECTS_FUNCTION,PhysiologicalFunction,Manas,relationships_medhya.txt,27,"(:Pharmacotherapeutic {pharmacotherapeutics: Brahmi}),[:AFFECTS_PHYSIOLOGICAL],(:PhysiologicalFunctional {physiologicalFunctional: Manas})"
Herb,Brahmi,AFFECTS_FUNCTION,PhysiologicalFunction,Medha,Category_Medhya.xlsx,3,"Brahmi | Smriti, Medha, Dhi | Smritinasa, Smritihani, Budhibhramsha, Chittabhrama"
Herb,Brahmi,AFFECTS_FUNCTION,PhysiologicalFunction,Medha,relationships_medhya.txt,23,"(:Pharmacotherapeutic {pharmacotherapeutics: Brahmi}),[:AFFECTS_PHYSIOLOGICAL],(:PhysiologicalFunctional {physiologicalFunctional: Medha})"
Herb,Brahmi,AFFECTS_FUNCTION,PhysiologicalFunction,Medhya,relationships_medhya.txt,34,"(:Pharmacotherapeutic {pharmacotherapeutics: Brahmi}),[:AFFECTS_PHYSIOLOGICAL],(:PhysiologicalFunctional {physiologicalFunctional: Medhya})"
Herb,Brahmi,AFFECTS_FUNCTION,PhysiologicalFunction,Ojas,relationships_medhya.txt,33,"(:Pharmacotherapeutic {pharmacotherapeutics: Brahmi}),[:AFFECTS_PHYSIOLOGICAL],(:PhysiologicalFunctional {physiologicalFunctional: Ojas})"
Herb,Brahmi,AFFECTS_FUNCTION,PhysiologicalFunction,Rajas,relationships_medhya.txt,30,"(:Pharmacotherapeutic {pharmacotherapeutics: Brahmi}),[:AFFECTS_PHYSIOLOGICAL],(:PhysiologicalFunctional {physiologicalFunctional: Rajas})"
Herb,Brahmi,AFFECTS_FUNCTION,PhysiologicalFunction,Rasayana,relationships_medhya.txt,35,"(:Pharmacotherapeutic {pharmacotherapeutics: Brahmi}),[:AFFECTS_PHYSIOLOGICAL],(:PhysiologicalFunctional {physiologicalFunctional: Rasayana})"
Herb,Brahmi,AFFECTS_FUNCTION,PhysiologicalFunction,Samjna,relationships_medhya.txt,32,"(:Pharmacotherapeutic {pharmacotherapeutics: Brahmi}),[:AFFECTS_PHYSIOLOGICAL],(:PhysiologicalFunctional {physiologicalFunctional: Samjna})"
Herb,Brahmi,AFFECTS_FUNCTION,PhysiologicalFunction,Sattva,relationships_medhya.txt,29,"(:Pharmacotherapeutic {pharmacotherapeutics: Brahmi}),[:AFFECTS_PHYSIOLOGICAL],(:PhysiologicalFunctional {physiologicalFunctional: Sattva})"
Herb,Brahmi,AFFECTS_FUNCTION,PhysiologicalFunction,Smriti,Category_Medhya.xlsx,3,"Brahmi | Smriti, Medha, Dhi | Smritinasa, Smritihani, Budhibhramsha, Chittabhrama"
Herb,Brahmi,AFFECTS_FUNCTION,PhysiologicalFunction,Smriti,relationships_medhya.txt,22,"(:Pharmacotherapeutic {pharmacotherapeutics: Brahmi}),[:AFFECTS_PHYSIOLOGICAL],(:PhysiologicalFunctional {physiologicalFunctional: Smriti})"
Herb,Brahmi,AFFECTS_FUNCTION,PhysiologicalFunction,Tamas,relationships_medhya.txt,31,"(:Pharmacotherapeutic {pharmacotherapeutics: Brahmi}),[:AFFECTS_PHYSIOLOGICAL],(:PhysiologicalFunctional {physiologicalFunctional: Tamas})"
Herb,Brahmi,HAS_ACTION,Action,Smritiprada,relationships_medhya.txt,2,"(:Pharmacotherapeutic {pharmacotherapeutics: Brahmi}),[:HAS_ACTION],(:Action {action: Smritiprada})"
Herb,Brahmi,HAS_REFERENCE,Reference,Bhavaprakasha,relationships_medhya.txt,36,"(:Pharmacotherapeutic {pharmacotherapeutics: Brahmi}),[:HAS_REFERENCE],(:Reference {references: Bhavaprakasha})"
Herb,Brahmi,HAS_REFERENCE,Reference,Charaka samhita Sutrasthana Shadvirechaneeya 4th chapter,relationships_medhya.txt,37,"(:Pharmacotherapeutic {pharmacotherapeutics: Brahmi}),[:HAS_REFERENCE],(:Reference {references: Charaka samhita Sutrasthana Shadvirechaneeya 4th chapter})"
Herb,Brahmi,TREATS_PATHOLOGY,Pathology,Anavasthita Citta,relationships_medhya.txt,18,"(:Pharmacotherapeutic {pharmacotherapeutics: Brahmi}),[:TREATS_PATHOLOGICAL],(:Pathological {pathological: Anavasthita Citta})"
Herb,Brahmi,TREATS_PATHOLOGY,Pathology,Apasmara,relationships_medhya.txt,21,"(:Pharmacotherapeutic {pharmacotherapeutics: Brahmi}),[:TREATS_PATHOLOGICAL],(:Pathological {pathological: Apasmara})"
Herb,Brahmi,TREATS_PATHOLOGY,Pathology,Budhibhramsha,Category_Medhya.xlsx,3,"Brahmi | Smriti, Medha, Dhi | Smritinasa, Smritihani, Budhibhramsha, Chittabhrama"
Herb,Brahmi,TREATS_PATHOLOGY,Pathology,Budhibhramsha,relationships_medhya.txt,7,"(:Pharmacotherapeutic {pharmacotherapeutics: Brahmi}),[:TREATS_PATHOLOGICAL],(:Pathological {pathological: Budhibhramsha})"
Herb,Brahmi,TREATS_PATHOLOGY,Pathology,Chittabhrama,Category_Medhya.xlsx,3,"Brahmi | Smriti, Medha, Dhi | Smritinasa, Smritihani, Budhibhramsha, Chittabhrama"
Herb,Brahmi,TREATS_PATHOLOGY,Pathology,Chittabhrama,relationships_medhya.txt,10,"(:Pharmacotherapeutic {pharmacotherapeutics: Brahmi}),[:TREATS_PATHOLOGICAL],(:Pathological {pathological: Chittabhrama})"
Herb,Brahmi,TREATS_PATHOLOGY,Pathology,Dhritikshaya,relationships_medhya.txt,11,"(:Pharmacotherapeutic {pharmacotherapeutics: Brahmi}),[:TREATS_PATHOLOGICAL],(:Pathological {pathological: Dhritikshaya})"
Herb,Brahmi,TREATS_PATHOLOGY,Pathology,Dhī-vibhrama,relationships_medhya.txt,8,"(:Pharmacotherapeutic {pharmacotherapeutics: Brahmi}),[:TREATS_PATHOLOGICAL],(:Pathological {pathological: Dhī-vibhrama})"
Herb,Brahmi,TREATS_PATHOLOGY,Pathology,Dhṛti-hāni,relationships_medhya.txt,12,"(:Pharmacotherapeutic {pharmacotherapeutics: Brahmi}),[:TREATS_PATHOLOGICAL],(:Pathological {pathological: Dhṛti-hāni})"
Herb,Brahmi,TREATS_PATHOLOGY,Pathology,Durmana,relationships_medhya.txt,13,"(:Pharmacotherapeutic {pharmacotherapeutics: Brahmi}),[:TREATS_PATHOLOGICAL],(:Pathological {pathological: Durmana})"
Herb,Brahmi,TREATS_PATHOLOGY,Pathology,Kopanam,relationships_medhya.txt,16,"(:Pharmacotherapeutic {pharmacotherapeutics: Brahmi}),[:TREATS_PATHOLOGICAL],(:Pathological {pathological: Kopanam})"
Herb,Brahmi,TREATS_PATHOLOGY,Pathology,Krodha,relationships_medhya.txt,15,"(:Pharmacotherapeutic {pharmacotherapeutics: Brahmi}),[:TREATS_PATHOLOGICAL],(:Pathological {pathological: Krodha})"
Herb,Brahmi,TREATS_PATHOLOGY,Pathology,Mano-vibhrama,relationships_medhya.txt,9,"(:Pharmacotherapeutic {pharmacotherapeutics: Brahmi}),[:TREATS_PATHOLOGICAL],(:Pathological {pathological: Mano-vibhrama})"
Herb,Brahmi,TREATS_PATHOLOGY,Pathology,Mathibhramsha,relationships_medhya.txt,6,"(:Pharmacotherapeutic {pharmacotherapeutics: Brahmi}),[:TREATS_PATHOLOGICAL],(:Pathological {pathological: Mathibhramsha})"
Herb,Brahmi,TREATS_PATHOLOGY,Pathology,Rosham,relationships_medhya.txt,17,"(:Pharmacotherapeutic {pharmacotherapeutics: Brahmi}),[:TREATS_PATHOLOGICAL],(:Pathological {pathological: Rosham})"
Herb,Brahmi,TREATS_PATHOLOGY,Pathology,Samjnanasa,relationships_medhya.txt,19,"(:Pharmacotherapeutic {pharmacotherapeutics: Brahmi}),[:TREATS_PATHOLOGICAL],(:Pathological {pathological: Samjnanasa})"
Herb,Brahmi,TREATS_PATHOLOGY,Pathology,Smriti bhramsha,relationships_medhya.txt,4,"(:Pharmacotherapeutic {pharmacotherapeutics: Brahmi}),[:TREATS_PATHOLOGICAL],(:Pathological {pathological: Smriti bhramsha})"
Herb,Brahmi,TREATS_PATHOLOGY,Pathology,Smritihani,Category_Medhya.xlsx,3,"Brahmi | Smriti, Medha, Dhi | Smritinasa, Smritihani, Budhibhramsha, Chittabhrama"
Herb,Brahmi,TREATS_PATHOLOGY,Pathology,Smritihani,relationships_medhya.txt,5,"(:Pharmacotherapeutic {pharmacotherapeutics: Brahmi}),[:TREATS_PATHOLOGICAL],(:Pathological {pathological: Smritihani})"
Herb,Brahmi,TREATS_PATHOLOGY,Pathology,Smritinasa,Category_Medhya.xlsx,3,"Brahmi | Smriti, Medha, Dhi | Smritinasa, Smritihani, Budhibhramsha, Chittabhrama"
Herb,Brahmi,TREATS_PATHOLOGY,Pathology,Smritinasa,relationships_medhya.txt,3,"(:Pharmacotherapeutic {pharmacotherapeutics: Brahmi}),[:TREATS_PATHOLOGICAL],(:Pathological {pathological: Smritinasa})"
Herb,Brahmi,TREATS_PATHOLOGY,Pathology,Unmada,relationships_medhya.txt,20,"(:Pharmacotherapeutic {pharmacotherapeutics: Brahmi}),[:TREATS_PATHOLOGICAL],(:Pathological {pathological: Unmada})"
Herb,Brahmi,TREATS_PATHOLOGY,Pathology,Vishada,relationships_medhya.txt,14,"(:Pharmacotherapeutic {pharmacotherapeutics: Brahmi}),[:TREATS_PATHOLOGICAL],(:Pathological {pathological: Vishada})"
Herb,Guduchi,AFFECTS_FUNCTION,PhysiologicalFunction,Bala,Category_Medhya.xlsx,5,"Guduchi | Medha, Ojas, Bala, Rasayana | Ojokshaya, Klama, cognitive disturbance"
Herb,Guduchi,AFFECTS_FUNCTION,PhysiologicalFunction,Bala,relationships_medhya.txt,105,"(:Pharmacotherapeutic {pharmacotherapeutics: Guduchi}),[:AFFECTS_PHYSIOLOGICAL],(:PhysiologicalFunctional {physiologicalFunctional: Bala})"
Herb,Guduchi,AFFECTS_FUNCTION,PhysiologicalFunction,Balya,relationships_medhya.txt,107,"(:Pharmacotherapeutic {pharmacotherapeutics: Guduchi}),[:AFFECTS_PHYSIOLOGICAL],(:PhysiologicalFunctional {physiologicalFunctional: Balya})"
Herb,Guduchi,AFFECTS_FUNCTION,PhysiologicalFunction,Jeevaniya,relationships_medhya.txt,106,"(:Pharmacotherapeutic {pharmacotherapeutics: Guduchi}),[:AFFECTS_PHYSIOLOGICAL],(:PhysiologicalFunctional {physiologicalFunctional: Jeevaniya})"
Herb,Guduchi,AFFECTS_FUNCTION,PhysiologicalFunction,Medha,Category_Medhya.xlsx,5,"Guduchi | Medha, Ojas, Bala, Rasayana | Ojokshaya, Klama, cognitive disturbance"
Herb,Guduchi,AFFECTS_FUNCTION,PhysiologicalFunction,Ojas,Category_Medhya.xlsx,5,"Guduchi | Medha, Ojas, Bala, Rasayana | Ojokshaya, Klama, cognitive disturbance"
Herb,Guduchi,AFFECTS_FUNCTION,PhysiologicalFunction,Ojas,relationships_medhya.txt,104,"(:Pharmacotherapeutic {pharmacotherapeutics: Guduchi}),[:AFFECTS_PHYSIOLOGICAL],(:PhysiologicalFunctional {physiologicalFunctional: Ojas})"
Herb,Guduchi,AFFECTS_FUNCTION,PhysiologicalFunction,Rasayana,Category_Medhya.xlsx,5,"Guduchi | Medha, Ojas, Bala, Rasayana | Ojokshaya, Klama, cognitive disturbance"
Herb,Guduchi,AFFECTS_FUNCTION,PhysiologicalFunction,Rasayana,relationships_medhya.txt,108,"(:Pharmacotherapeutic {pharmacotherapeutics: Guduchi}),[:AFFECTS_PHYSIOLOGICAL],(:PhysiologicalFunctional {physiologicalFunctional: Rasayana})"
Herb,Guduchi,TREATS_PATHOLOGY,Pathology,Klama,Category_Medhya.xlsx,5,"Guduchi | Medha, Ojas, Bala, Rasayana | Ojokshaya, Klama, cognitive disturbance"
Herb,Guduchi,TREATS_PATHOLOGY,Pathology,Klama,relationships_medhya.txt,103,"(:Pharmacotherapeutic {pharmacotherapeutics: Guduchi}),[:TREATS_PATHOLOGICAL],(:Pathological {pathological: Klama})"
Herb,Guduchi,TREATS_PATHOLOGY,Pathology,Ojokshaya,Category_Medhya.xlsx,5,"Guduchi | Medha, Ojas, Bala, Rasayana | Ojokshaya, Klama, cognitive disturbance"
Herb,Guduchi,TREATS_PATHOLOGY,Pathology,Ojokshaya,relationships_medhya.txt,102,"(:Pharmacotherapeutic {pharmacotherapeutics: Guduchi}),[:TREATS_PATHOLOGICAL],(:Pathological {pathological: Ojokshaya})"
Herb,Guduchi,TREATS_PATHOLOGY,Pathology,cognitive disturbance,Category_Medhya.xlsx,5,"Guduchi | Medha, Ojas, Bala, Rasayana | Ojokshaya, Klama, cognitive disturbance"
Herb,Jatamansi,AFFECTS_FUNCTION,PhysiologicalFunction,Samjna,relationships_medhya.txt,100,"(:Pharmacotherapeutic {pharmacotherapeutics: Jatamansi}),[:AFFECTS_PHYSIOLOGICAL],(:PhysiologicalFunctional {physiologicalFunctional: Samjna})"
Herb,Jatamansi,AFFECTS_FUNCTION,PhysiologicalFunction,Tamas,relationships_medhya.txt,99,"(:Pharmacotherapeutic {pharmacotherapeutics: Jatamansi}),[:AFFECTS_PHYSIOLOGICAL],(:PhysiologicalFunctional {physiologicalFunctional: Tamas})"
Herb,Jatamansi,HAS_REFERENCE,Reference,Charaka samhita Sutrasthana Shadvirechaneeya 4th chapter,relationships_medhya.txt,101,"(:Pharmacotherapeutic {pharmacotherapeutics: Jatamansi}),[:HAS_REFERENCE],(:Reference {references: Charaka samhita Sutrasthana Shadvirechaneeya 4th chapter})"
Herb,Jatamansi,TREATS_PATHOLOGY,Pathology,Samjnanasa,relationships_medhya.txt,98,"(:Pharmacotherapeutic {pharmacotherapeutics: Jatamansi}),[:TREATS_PATHOLOGICAL],(:Pathological {pathological: Samjnanasa})"
Herb,Mandukaparni,AFFECTS_FUNCTION,PhysiologicalFunction,Chitta,relationships_medhya.txt,48,"(:Pharmacotherapeutic {pharmacotherapeutics: Mandukaparni}),[:AFFECTS_PHYSIOLOGICAL],(:PhysiologicalFunctional {physiologicalFunctional: Chitta})"
Herb,Mandukaparni,AFFECTS_FUNCTION,PhysiologicalFunction,Dhi,Category_Medhya.xlsx,8,"Mandukaparni | Smriti, Medha, Dhi | Smritihani, Smritibhramsha"
Herb,Mandukaparni,AFFECTS_FUNCTION,PhysiologicalFunction,Manas,relationships_medhya.txt,47,"(:Pharmacotherapeutic {pharmacotherapeutics: Mandukaparni}),[:AFFECTS_PHYSIOLOGICAL],(:PhysiologicalFunctional {physiologicalFunctional: Manas})"
Herb,Mandukaparni,AFFECTS_FUNCTION,PhysiologicalFunction,Medha,Category_Medhya.xlsx,8,"Mandukaparni | Smriti, Medha, Dhi | Smritihani, Smritibhramsha"
Herb,Mandukaparni,AFFECTS_FUNCTION,PhysiologicalFunction,Medha,relationships_medhya.txt,46,"(:Pharmacotherapeutic {pharmacotherapeutics: Mandukaparni}),[:AFFECTS_PHYSIOLOGICAL],(:PhysiologicalFunctional {physiologicalFunctional: Medha})"
Herb,Mandukaparni,AFFECTS_FUNCTION,PhysiologicalFunction,Medhya,relationships_medhya.txt,50,"(:Pharmacotherapeutic {pharmacotherapeutics: Mandukaparni}),[:AFFECTS_PHYSIOLOGICAL],(:PhysiologicalFunctional {physiologicalFunctional: Medhya})"
Herb,Mandukaparni,AFFECTS_FUNCTION,PhysiologicalFunction,Rajas,relationships_medhya.txt,49,"(:Pharmacotherapeutic {pharmacotherapeutics: Mandukaparni}),[:AFFECTS_PHYSIOLOGICAL],(:PhysiologicalFunctional {physiologicalFunctional: Rajas})"
Herb,Mandukaparni,AFFECTS_FUNCTION,PhysiologicalFunction,Smriti,Category_Medhya.xlsx,8,"Mandukaparni | Smriti, Medha, Dhi | Smritihani, Smritibhramsha"
Herb,Mandukaparni,AFFECTS_FUNCTION,PhysiologicalFunction,Smriti,relationships_medhya.txt,45,"(:Pharmacotherapeutic {pharmacotherapeutics: Mandukaparni}),[:AFFECTS_PHYSIOLOGICAL],(:PhysiologicalFunctional {physiologicalFunctional: Smriti})"
Herb,Mandukaparni,TREATS_PATHOLOGY,Pathology,Anavasthita Citta,relationships_medhya.txt,44,"(:Pharmacotherapeutic {pharmacotherapeutics: Mandukaparni}),[:TREATS_PATHOLOGICAL],(:Pathological {pathological: Anavasthita Citta})"
Herb,Mandukaparni,TREATS_PATHOLOGY,Pathology,Mano-vibhrama,relationships_medhya.txt,41,"(:Pharmacotherapeutic {pharmacotherapeutics: Mandukaparni}),[:TREATS_PATHOLOGICAL],(:Pathological {pathological: Mano-vibhrama})"
Herb,Mandukaparni,TREATS_PATHOLOGY,Pathology,Mathibhramsha,relationships_medhya.txt,40,"(:Pharmacotherapeutic {pharmacotherapeutics: Mandukaparni}),[:TREATS_PATHOLOGICAL],(:Pathological {pathological: Mathibhramsha})"
Herb,Mandukaparni,TREATS_PATHOLOGY,Pathology,Rosham,relationships_medhya.txt,43,"(:Pharmacotherapeutic {pharmacotherapeutics: Mandukaparni}),[:TREATS_PATHOLOGICAL],(:Pathological {pathological: Rosham})"
Herb,Mandukaparni,TREATS_PATHOLOGY,Pathology,Shoka,relationships_medhya.txt,42,"(:Pharmacotherapeutic {pharmacotherapeutics: Mandukaparni}),[:TREATS_PATHOLOGICAL],(:Pathological {pathological: Shoka})"
Herb,Mandukaparni,TREATS_PATHOLOGY,Pathology,Smritibhramsha,Category_Medhya.xlsx,8,"Mandukaparni | Smriti, Medha, Dhi | Smritihani, Smritibhramsha"
Herb,Mandukaparni,TREATS_PATHOLOGY,Pathology,Smritihani,Category_Medhya.xlsx,8,"Mandukaparni | Smriti, Medha, Dhi | Smritihani, Smritibhramsha"
Herb,Mandukaparni,TREATS_PATHOLOGY,Pathology,Smritihani,relationships_medhya.txt,39,"(:Pharmacotherapeutic {pharmacotherapeutics: Mandukaparni}),[:TREATS_PATHOLOGICAL],(:Pathological {pathological: Smritihani})"
Herb,Mandukaparni,TREATS_PATHOLOGY,Pathology,Smritinasa,relationships_medhya.txt,38,"(:Pharmacotherapeutic {pharmacotherapeutics: Mandukaparni}),[:TREATS_PATHOLOGICAL],(:Pathological {pathological: Smritinasa})"
Herb,Shankhapushpi,AFFECTS_FUNCTION,PhysiologicalFunction,Buddhi,relationships_medhya.txt,65,"(:Pharmacotherapeutic {pharmacotherapeutics: Shankhapushpi}),[:AFFECTS_PHYSIOLOGICAL],(:PhysiologicalFunctional {physiologicalFunctional: Buddhi})"
Herb,Shankhapushpi,AFFECTS_FUNCTION,PhysiologicalFunction,Chitta,relationships_medhya.txt,68,"(:Pharmacotherapeutic {pharmacotherapeutics: Shankhapushpi}),[:AFFECTS_PHYSIOLOGICAL],(:PhysiologicalFunctional {physiologicalFunctional: Chitta})"
Herb,Shankhapushpi,AFFECTS_FUNCTION,PhysiologicalFunction,Dhriti,relationships_medhya.txt,66,"(:Pharmacotherapeutic {pharmacotherapeutics: Shankhapushpi}),[:AFFECTS_PHYSIOLOGICAL],(:PhysiologicalFunctional {physiologicalFunctional: Dhriti})"
Herb,Shankhapushpi,AFFECTS_FUNCTION,PhysiologicalFunction,Manas,Category_Medhya.xlsx,9,"Shankhapushpi | Medha, Smriti, Manas | Smritinasa, Chittabhrama, Mano-vibhrama"
Herb,Shankhapushpi,AFFECTS_FUNCTION,PhysiologicalFunction,Manas,relationships_medhya.txt,67,"(:Pharmacotherapeutic {pharmacotherapeutics: Shankhapushpi}),[:AFFECTS_PHYSIOLOGICAL],(:PhysiologicalFunctional {physiologicalFunctional: Manas})"
Herb,Shankhapushpi,AFFECTS_FUNCTION,PhysiologicalFunction,Medha,Category_Medhya.xlsx,9,"Shankhapushpi | Medha, Smriti, Manas | Smritinasa, Chittabhrama, Mano-vibhrama"
Herb,Shankhapushpi,AFFECTS_FUNCTION,PhysiologicalFunction,Medha,relationships_medhya.txt,64,"(:Pharmacotherapeutic {pharmacotherapeutics: Shankhapushpi}),[:AFFECTS_PHYSIOLOGICAL],(:PhysiologicalFunctional {physiologicalFunctional: Medha})"
Herb,Shankhapushpi,AFFECTS_FUNCTION,PhysiologicalFunction,Medhya,relationships_medhya.txt,73,"(:Pharmacotherapeutic {pharmacotherapeutics: Shankhapushpi}),[:AFFECTS_PHYSIOLOGICAL],(:PhysiologicalFunctional {physiologicalFunctional: Medhya})"
Herb,Shankhapushpi,AFFECTS_FUNCTION,PhysiologicalFunction,Rajas,relationships_medhya.txt,70,"(:Pharmacotherapeutic {pharmacotherapeutics: Shankhapushpi}),[:AFFECTS_PHYSIOLOGICAL],(:PhysiologicalFunctional {physiologicalFunctional: Rajas})"
Herb,Shankhapushpi,AFFECTS_FUNCTION,PhysiologicalFunction,Rasayana,relationships_medhya.txt,74,"(:Pharmacotherapeutic {pharmacotherapeutics: Shankhapushpi}),[:AFFECTS_PHYSIOLOGICAL],(:PhysiologicalFunctional {physiologicalFunctional: Rasayana})"
Herb,Shankhapushpi,AFFECTS_FUNCTION,PhysiologicalFunction,Sattva,relationships_medhya.txt,69,"(:Pharmacotherapeutic {pharmacotherapeutics: Shankhapushpi}),[:AFFECTS_PHYSIOLOGICAL],(:PhysiologicalFunctional {physiologicalFunctional: Sattva})"
Herb,Shankhapushpi,AFFECTS_FUNCTION,PhysiologicalFunction,Smriti,Category_Medhya.xlsx,9,"Shankhapushpi | Medha, Smriti, Manas | Smritinasa, Chittabhrama, Mano-vibhrama"
Herb,Shankhapushpi,AFFECTS_FUNCTION,PhysiologicalFunction,Smriti,relationships_medhya.txt,63,"(:Pharmacotherapeutic {pharmacotherapeutics: Shankhapushpi}),[:AFFECTS_PHYSIOLOGICAL],(:PhysiologicalFunctional {physiologicalFunctional: Smriti})"
Herb,Shankhapushpi,AFFECTS_FUNCTION,PhysiologicalFunction,Svara,relationships_medhya.txt,72,"(:Pharmacotherapeutic {pharmacotherapeutics: Shankhapushpi}),[:AFFECTS_PHYSIOLOGICAL],(:PhysiologicalFunctional {physiologicalFunctional: Svara})"
Herb,Shankhapushpi,AFFECTS_FUNCTION,PhysiologicalFunction,Tamas,relationships_medhya.txt,71,"(:Pharmacotherapeutic {pharmacotherapeutics: Shankhapushpi}),[:AFFECTS_PHYSIOLOGICAL],(:PhysiologicalFunctional {physiologicalFunctional: Tamas})"
Herb,Shankhapushpi,TREATS_PATHOLOGY,Pathology,Apasmara,relationships_medhya.txt,62,"(:Pharmacotherapeutic {pharmacotherapeutics: Shankhapushpi}),[:TREATS_PATHOLOGICAL],(:Pathological {pathological: Apasmara})"
Herb,Shankhapushpi,TREATS_PATHOLOGY,Pathology,Budhibhramsha,relationships_medhya.txt,53,"(:Pharmacotherapeutic {pharmacotherapeutics: Shankhapushpi}),[:TREATS_PATHOLOGICAL],(:Pathological {pathological: Budhibhramsha})"
Herb,Shankhapushpi,TREATS_PATHOLOGY,Pathology,Chittabhrama,Category_Medhya.xlsx,9,"Shankhapushpi | Medha, Smriti, Manas | Smritinasa, Chittabhrama, Mano-vibhrama"
Herb,Shankhapushpi,TREATS_PATHOLOGY,Pathology,Chittabhrama,relationships_medhya.txt,56,"(:Pharmacotherapeutic {pharmacotherapeutics: Shankhapushpi}),[:TREATS_PATHOLOGICAL],(:Pathological {pathological: Chittabhrama})"
Herb,Shankhapushpi,TREATS_PATHOLOGY,Pathology,Dhī-vibhrama,relationships_medhya.txt,54,"(:Pharmacotherapeutic {pharmacotherapeutics: Shankhapushpi}),[:TREATS_PATHOLOGICAL],(:Pathological {pathological: Dhī-vibhrama})"
Herb,Shankhapushpi,TREATS_PATHOLOGY,Pathology,Dhṛti-hāni,relationships_medhya.txt,57,"(:Pharmacotherapeutic {pharmacotherapeutics: Shankhapushpi}),[:TREATS_PATHOLOGICAL],(:Pathological {pathological: Dhṛti-hāni})"
Herb,Shankhapushpi,TREATS_PATHOLOGY,Pathology,Durmana,relationships_medhya.txt,58,"(:Pharmacotherapeutic {pharmacotherapeutics: Shankhapushpi}),[:TREATS_PATHOLOGICAL],(:Pathological {pathological: Durmana})"
Herb,Shankhapushpi,TREATS_PATHOLOGY,Pathology,Kopanam,relationships_medhya.txt,59,"(:Pharmacotherapeutic {pharmacotherapeutics: Shankhapushpi}),[:TREATS_PATHOLOGICAL],(:Pathological {pathological: Kopanam})"
Herb,Shankhapushpi,TREATS_PATHOLOGY,Pathology,Mano-vibhrama,Category_Medhya.xlsx,9,"Shankhapushpi | Medha, Smriti, Manas | Smritinasa, Chittabhrama, Mano-vibhrama"
Herb,Shankhapushpi,TREATS_PATHOLOGY,Pathology,Mano-vibhrama,relationships_medhya.txt,55,"(:Pharmacotherapeutic {pharmacotherapeutics: Shankhapushpi}),[:TREATS_PATHOLOGICAL],(:Pathological {pathological: Mano-vibhrama})"
Herb,Shankhapushpi,TREATS_PATHOLOGY,Pathology,Smritihani,relationships_medhya.txt,52,"(:Pharmacotherapeutic {pharmacotherapeutics: Shankhapushpi}),[:TREATS_PATHOLOGICAL],(:Pathological {pathological: Smritihani})"
Herb,Shankhapushpi,TREATS_PATHOLOGY,Pathology,Smritinasa,Category_Medhya.xlsx,9,"Shankhapushpi | Medha, Smriti, Manas | Smritinasa, Chittabhrama, Mano-vibhrama"
Herb,Shankhapushpi,TREATS_PATHOLOGY,Pathology,Smritinasa,relationships_medhya.txt,51,"(:Pharmacotherapeutic {pharmacotherapeutics: Shankhapushpi}),[:TREATS_PATHOLOGICAL],(:Pathological {pathological: Smritinasa})"
Herb,Shankhapushpi,TREATS_PATHOLOGY,Pathology,Svarabheda,relationships_medhya.txt,60,"(:Pharmacotherapeutic {pharmacotherapeutics: Shankhapushpi}),[:TREATS_PATHOLOGICAL],(:Pathological {pathological: Svarabheda})"
Herb,Shankhapushpi,TREATS_PATHOLOGY,Pathology,Unmada,relationships_medhya.txt,61,"(:Pharmacotherapeutic {pharmacotherapeutics: Shankhapushpi}),[:TREATS_PATHOLOGICAL],(:Pathological {pathological: Unmada})"
Herb,Tagara,AFFECTS_FUNCTION,PhysiologicalFunction,Manas,relationships_medhya.txt,97,"(:Pharmacotherapeutic {pharmacotherapeutics: Tagara}),[:AFFECTS_PHYSIOLOGICAL],(:PhysiologicalFunctional {physiologicalFunctional: Manas})"
Herb,Tagara,TREATS_PATHOLOGY,Pathology,Bhaya,relationships_medhya.txt,96,"(:Pharmacotherapeutic {pharmacotherapeutics: Tagara}),[:TREATS_PATHOLOGICAL],(:Pathological {pathological: Bhaya})"
Herb,Vacha,AFFECTS_FUNCTION,PhysiologicalFunction,Dhi,Category_Medhya.xlsx,4,"Vacha | Vāk, Dhi, Manas | Vāk-vaiguṇya, Gadgadam, Mūkata, Pralapa, Tandra"
Herb,Vacha,AFFECTS_FUNCTION,PhysiologicalFunction,Dhi,relationships_medhya.txt,87,"(:Pharmacotherapeutic {pharmacotherapeutics: Vacha}),[:AFFECTS_PHYSIOLOGICAL],(:PhysiologicalFunctional {physiologicalFunctional: Dhi})"
Herb,Vacha,AFFECTS_FUNCTION,PhysiologicalFunction,Dhriti,relationships_medhya.txt,88,"(:Pharmacotherapeutic {pharmacotherapeutics: Vacha}),[:AFFECTS_PHYSIOLOGICAL],(:PhysiologicalFunctional {physiologicalFunctional: Dhriti})"
Herb,Vacha,AFFECTS_FUNCTION,PhysiologicalFunction,Manas,Category_Medhya.xlsx,4,"Vacha | Vāk, Dhi, Manas | Vāk-vaiguṇya, Gadgadam, Mūkata, Pralapa, Tandra"
Herb,Vacha,AFFECTS_FUNCTION,PhysiologicalFunction,Manas,relationships_medhya.txt,89,"(:Pharmacotherapeutic {pharmacotherapeutics: Vacha}),[:AFFECTS_PHYSIOLOGICAL],(:PhysiologicalFunctional {physiologicalFunctional: Manas})"
Herb,Vacha,AFFECTS_FUNCTION,PhysiologicalFunction,Rajas,relationships_medhya.txt,90,"(:Pharmacotherapeutic {pharmacotherapeutics: Vacha}),[:AFFECTS_PHYSIOLOGICAL],(:PhysiologicalFunctional {physiologicalFunctional: Rajas})"
Herb,Vacha,AFFECTS_FUNCTION,PhysiologicalFunction,Samjna,relationships_medhya.txt,92,"(:Pharmacotherapeutic {pharmacotherapeutics: Vacha}),[:AFFECTS_PHYSIOLOGICAL],(:PhysiologicalFunctional {physiologicalFunctional: Samjna})"
Herb,Vacha,AFFECTS_FUNCTION,PhysiologicalFunction,Svara,relationships_medhya.txt,94,"(:Pharmacotherapeutic {pharmacotherapeutics: Vacha}),[:AFFECTS_PHYSIOLOGICAL],(:PhysiologicalFunctional {physiologicalFunctional: Svara})"
Herb,Vacha,AFFECTS_FUNCTION,PhysiologicalFunction,Tamas,relationships_medhya.txt,91,"(:Pharmacotherapeutic {pharmacotherapeutics: Vacha}),[:AFFECTS_PHYSIOLOGICAL],(:PhysiologicalFunctional {physiologicalFunctional: Tamas})"
Herb,Vacha,AFFECTS_FUNCTION,PhysiologicalFunction,Vāk,Category_Medhya.xlsx,4,"Vacha | Vāk, Dhi, Manas | Vāk-vaiguṇya, Gadgadam, Mūkata, Pralapa, Tandra"
Herb,Vacha,AFFECTS_FUNCTION,PhysiologicalFunction,Vāk,relationships_medhya.txt,93,"(:Pharmacotherapeutic {pharmacotherapeutics: Vacha}),[:AFFECTS_PHYSIOLOGICAL],(:PhysiologicalFunctional {physiologicalFunctional: Vāk})"
Herb,Vacha,HAS_ACTION,Action,Vakvishudhi,relationships_medhya.txt,75,"(:Pharmacotherapeutic {pharmacotherapeutics: Vacha}),[:HAS_ACTION],(:Action {action: Vakvishudhi})"
Herb,Vacha,HAS_REFERENCE,Reference,Charaka samhita Sutrasthana Shadvirechaneeya 4th chapter,relationships_medhya.txt,95,"(:Pharmacotherapeutic {pharmacotherapeutics: Vacha}),[:HAS_REFERENCE],(:Reference {references: Charaka samhita Sutrasthana Shadvirechaneeya 4th chapter})"
Herb,Vacha,TREATS_PATHOLOGY,Pathology,Avāk,relationships_medhya.txt,82,"(:Pharmacotherapeutic {pharmacotherapeutics: Vacha}),[:TREATS_PATHOLOGICAL],(:Pathological {pathological: Avāk})"
Herb,Vacha,TREATS_PATHOLOGY,Pathology,Dhritikshaya,relationships_medhya.txt,77,"(:Pharmacotherapeutic {pharmacotherapeutics: Vacha}),[:TREATS_PATHOLOGICAL],(:Pathological {pathological: Dhritikshaya})"
Herb,Vacha,TREATS_PATHOLOGY,Pathology,Gadgadam,Category_Medhya.xlsx,4,"Vacha | Vāk, Dhi, Manas | Vāk-vaiguṇya, Gadgadam, Mūkata, Pralapa, Tandra"
Herb,Vacha,TREATS_PATHOLOGY,Pathology,Gadgadam,relationships_medhya.txt,84,"(:Pharmacotherapeutic {pharmacotherapeutics: Vacha}),[:TREATS_PATHOLOGICAL],(:Pathological {pathological: Gadgadam})"
Herb,Vacha,TREATS_PATHOLOGY,Pathology,Mada,relationships_medhya.txt,79,"(:Pharmacotherapeutic {pharmacotherapeutics: Vacha}),[:TREATS_PATHOLOGICAL],(:Pathological {pathological: Mada})"
Herb,Vacha,TREATS_PATHOLOGY,Pathology,Moorcha,relationships_medhya.txt,80,"(:Pharmacotherapeutic {pharmacotherapeutics: Vacha}),[:TREATS_PATHOLOGICAL],(:Pathological {pathological: Moorcha})"
Herb,Vacha,TREATS_PATHOLOGY,Pathology,Mūkata,Category_Medhya.xlsx,4,"Vacha | Vāk, Dhi, Manas | Vāk-vaiguṇya, Gadgadam, Mūkata, Pralapa, Tandra"
Herb,Vacha,TREATS_PATHOLOGY,Pathology,Mūkata,relationships_medhya.txt,85,"(:Pharmacotherapeutic {pharmacotherapeutics: Vacha}),[:TREATS_PATHOLOGICAL],(:Pathological {pathological: Mūkata})"
Herb,Vacha,TREATS_PATHOLOGY,Pathology,Pralapa,Category_Medhya.xlsx,4,"Vacha | Vāk, Dhi, Manas | Vāk-vaiguṇya, Gadgadam, Mūkata, Pralapa, Tandra"
Herb,Vacha,TREATS_PATHOLOGY,Pathology,Pralapa,relationships_medhya.txt,76,"(:Pharmacotherapeutic {pharmacotherapeutics: Vacha}),[:TREATS_PATHOLOGICAL],(:Pathological {pathological: Pralapa})"
Herb,Vacha,TREATS_PATHOLOGY,Pathology,Samjnanasa,relationships_medhya.txt,81,"(:Pharmacotherapeutic {pharmacotherapeutics: Vacha}),[:TREATS_PATHOLOGICAL],(:Pathological {pathological: Samjnanasa})"
Herb,Vacha,TREATS_PATHOLOGY,Pathology,Svarabheda,relationships_medhya.txt,86,"(:Pharmacotherapeutic {pharmacotherapeutics: Vacha}),[:TREATS_PATHOLOGICAL],(:Pathological {pathological: Svarabheda})"
Herb,Vacha,TREATS_PATHOLOGY,Pathology,Tandra,Category_Medhya.xlsx,4,"Vacha | Vāk, Dhi, Manas | Vāk-vaiguṇya, Gadgadam, Mūkata, Pralapa, Tandra"
Herb,Vacha,TREATS_PATHOLOGY,Pathology,Tandra,relationships_medhya.txt,78,"(:Pharmacotherapeutic {pharmacotherapeutics: Vacha}),[:TREATS_PATHOLOGICAL],(:Pathological {pathological: Tandra})"
Herb,Vacha,TREATS_PATHOLOGY,Pathology,Vāk-vaiguṇya,Category_Medhya.xlsx,4,"Vacha | Vāk, Dhi, Manas | Vāk-vaiguṇya, Gadgadam, Mūkata, Pralapa, Tandra"
Herb,Vacha,TREATS_PATHOLOGY,Pathology,Vāk-vaiguṇya,relationships_medhya.txt,83,"(:Pharmacotherapeutic {pharmacotherapeutics: Vacha}),[:TREATS_PATHOLOGICAL],(:Pathological {pathological: Vāk-vaiguṇya})"
Herb,Yashtimadhu,AFFECTS_FUNCTION,PhysiologicalFunction,Balya,relationships_medhya.txt,123,"(:Pharmacotherapeutic {pharmacotherapeutics: Yashtimadhu}),[:AFFECTS_PHYSIOLOGICAL],(:PhysiologicalFunctional {physiologicalFunctional: Balya})"
Herb,Yashtimadhu,AFFECTS_FUNCTION,PhysiologicalFunction,Medha,Category_Medhya.xlsx,7,"Yashtimadhu | Medha, Rasayana, Ojas | Klama, Smritihani"
Herb,Yashtimadhu,AFFECTS_FUNCTION,PhysiologicalFunction,Ojas,Category_Medhya.xlsx,7,"Yashtimadhu | Medha, Rasayana, Ojas | Klama, Smritihani"
Herb,Yashtimadhu,AFFECTS_FUNCTION,PhysiologicalFunction,Pushti,relationships_medhya.txt,121,"(:Pharmacotherapeutic {pharmacotherapeutics: Yashtimadhu}),[:AFFECTS_PHYSIOLOGICAL],(:PhysiologicalFunctional {physiologicalFunctional: Pushti})"
Herb,Yashtimadhu,AFFECTS_FUNCTION,PhysiologicalFunction,Rasayana,Category_Medhya.xlsx,7,"Yashtimadhu | Medha, Rasayana, Ojas | Klama, Smritihani"
Herb,Yashtimadhu,AFFECTS_FUNCTION,PhysiologicalFunction,Rasayana,relationships_medhya.txt,122,"(:Pharmacotherapeutic {pharmacotherapeutics: Yashtimadhu}),[:AFFECTS_PHYSIOLOGICAL],(:PhysiologicalFunctional {physiologicalFunctional: Rasayana})"
Herb,Yashtimadhu,TREATS_PATHOLOGY,Pathology,Klama,Category_Medhya.xlsx,7,"Yashtimadhu | Medha, Rasayana, Ojas | Klama, Smritihani"
Herb,Yashtimadhu,TREATS_PATHOLOGY,Pathology,Klama,relationships_medhya.txt,120,"(:Pharmacotherapeutic {pharmacotherapeutics: Yashtimadhu}),[:TREATS_PATHOLOGICAL],(:Pathological {pathological: Klama})"
Herb,Yashtimadhu,TREATS_PATHOLOGY,Pathology,Smritihani,Category_Medhya.xlsx,7,"Yashtimadhu | Medha, Rasayana, Ojas | Klama, Smritihani"
